Target ID,Target Name,Priority Number,Site Center WKT,Mode
cal001,railroadValley,1,POINT(-115.6902 38.497),Target Mode
coccon100,val_Thessaloniki_Greece,23,POINT(22.97 40.63),Target Mode
coccon101,val_Gobabeb_Namibia,22,POINT(15.04 -23.56),Target Mode
coccon102,val_Biust_Botswana,24,POINT(27.12 -22.59),Target Mode
coccon103,val_Jinja_Uganda,25,POINT(33.209 0.503),Target Mode
desert0000,Flat_Desert_Test_0000,26,POINT(2.99 30.5),Area Mapping Mode
desert0001,Flat_Desert_Test_0001,27,POINT(24.3 28.4),Area Mapping Mode
desert0002,Flat_Desert_Test_0002,28,POINT(139.85 -23.99),Area Mapping Mode
desert0003,Flat_Desert_Test_0003,29,POINT(10 30.84),Area Mapping Mode
desert0004,Flat_Desert_Test_0004,30,POINT(30.86 26.13),Area Mapping Mode
desert0005,Flat_Desert_Test_0005,31,POINT(121.45 -21.9),Area Mapping Mode
desert0006,Flat_Desert_Test_0006,32,POINT(7.52 31.89),Area Mapping Mode
desert0007,Flat_Desert_Test_0007,33,POINT(125.75 -19.31),Area Mapping Mode
desert0008,Flat_Desert_Test_0008,34,POINT(-1 31.36),Area Mapping Mode
desert0009,Flat_Desert_Test_0009,35,POINT(18.84 28.22),Area Mapping Mode
desert0010,Flat_Desert_Test_0010,36,POINT(7.3 32.76),Area Mapping Mode
desert0011,Flat_Desert_Test_0011,37,POINT(25.56 28.75),Area Mapping Mode
desert0012,Flat_Desert_Test_0012,38,POINT(11 31.36),Area Mapping Mode
desert0013,Flat_Desert_Test_0013,39,POINT(122.72 -22.11),Area Mapping Mode
ecostress_afln,ecostress_afln,329,POINT(-4.291142 53.310312),Area Mapping Mode
ecostress_ar_slu,ecostress_ar_slu,290,POINT(-66.4598 -33.4648),Area Mapping Mode
ecostress_ar_vir,ecostress_ar_vir,289,POINT(-56.1886 -28.2395),Area Mapping Mode
ecostress_au_asm,ecostress_au_asm,293,POINT(133.249 -22.283),Area Mapping Mode
ecostress_au_cum,ecostress_au_cum,294,POINT(150.7236 -33.6153),Area Mapping Mode
ecostress_au_das,ecostress_au_das,295,POINT(131.3881 -14.1592),Area Mapping Mode
ecostress_au_dry,ecostress_au_dry,296,POINT(132.3706 -15.2588),Area Mapping Mode
ecostress_au_how,ecostress_au_how,297,POINT(131.15005 -12.4952),Area Mapping Mode
ecostress_au_lit,ecostress_au_lit,298,POINT(130.7945 -13.179),Area Mapping Mode
ecostress_au_stp,ecostress_au_stp,299,POINT(133.3503 -17.1508),Area Mapping Mode
ecostress_au_tum,ecostress_au_tum,300,POINT(148.1517 -35.6566),Area Mapping Mode
ecostress_au_wom,ecostress_au_wom,301,POINT(144.0944 -37.4222),Area Mapping Mode
ecostress_au_ync,ecostress_au_ync,302,POINT(146.2907 -34.9893),Area Mapping Mode
ecostress_bdog,ecostress_bdog,330,POINT(-1.481935 51.530216),Area Mapping Mode
ecostress_be_lon,ecostress_be_lon,278,POINT(5.9981 50.305),Area Mapping Mode
ecostress_be_vie,ecostress_be_vie,277,POINT(4.746112999999999 50.55184000000001),Area Mapping Mode
ecostress_br_cmt,ecostress_br_cmt,313,POINT(-56.0882 -13.2875),Area Mapping Mode
ecostress_br_no,ecostress_br_no,292,POINT(-56.76666700000001 -16.616667),Area Mapping Mode
ecostress_ca_pr_emss,ecostress_ca_pr_emss,266,POINT(-118.344 56.7438),Area Mapping Mode
ecostress_ca_tp,ecostress_ca_tp,259,POINT(-80.431 42.713075),Area Mapping Mode
ecostress_ch_dav,ecostress_ch_dav,323,POINT(9.855917 46.815333),Area Mapping Mode
ecostress_ch_fru,ecostress_ch_fru,324,POINT(8.537778 47.115833),Area Mapping Mode
ecostress_ch_lae,ecostress_ch_lae,322,POINT(8.364389 47.478333),Area Mapping Mode
ecostress_cr_fsc,ecostress_cr_fsc,314,POINT(-85.4732 10.4189),Area Mapping Mode
ecostress_cr_srnp_emss,ecostress_cr_srnp_emss,265,POINT(-85.6156 10.8418),Area Mapping Mode
ecostress_cz_bk1,ecostress_cz_bk1,307,POINT(18.5369 49.5021),Area Mapping Mode
ecostress_de_rus,ecostress_de_rus,258,POINT(6.4472 50.8659),Area Mapping Mode
ecostress_de_tha,ecostress_de_tha,279,POINT(13.56516 50.96235),Area Mapping Mode
ecostress_efgf,ecostress_efgf,327,POINT(-0.192985 52.470474),Area Mapping Mode
ecostress_fr_fon,ecostress_fr_fon,288,POINT(2.7801 48.4764),Area Mapping Mode
ecostress_il_yat,ecostress_il_yat,280,POINT(35.0519 31.3451),Area Mapping Mode
ecostress_it_cp2,ecostress_it_cp2,334,POINT(12.3573 41.7043),Area Mapping Mode
ecostress_it_tor,ecostress_it_tor,287,POINT(7.5781 45.8444),Area Mapping Mode
ecostress_ke_mak,ecostress_ke_mak,325,POINT(38.140667 -3.425806),Area Mapping Mode
ecostress_kr_gck,ecostress_kr_gck,319,POINT(127.162222 37.748333),Area Mapping Mode
ecostress_ne_waf,ecostress_ne_waf,267,POINT(2.63368891 13.64758138),Area Mapping Mode
ecostress_npbb,ecostress_npbb,331,POINT(-2.388 54.69600000000001),Area Mapping Mode
ecostress_nz_bfm,ecostress_nz_bfm,284,POINT(171.928 -43.593),Area Mapping Mode
ecostress_nz_kop,ecostress_nz_kop,283,POINT(175.554 -37.38800000000001),Area Mapping Mode
ecostress_nz_oxf,ecostress_nz_oxf,282,POINT(172.2108 -43.2619),Area Mapping Mode
ecostress_nz_sco,ecostress_nz_sco,281,POINT(175.22 -37.46),Area Mapping Mode
ecostress_sleg,ecostress_sleg,328,POINT(-2.828505 51.207282),Area Mapping Mode
ecostress_ssh_czo_cal,ecostress_ssh_czo_cal,337,POINT(-81.72247 34.60811),Area Mapping Mode
ecostress_ssh_czo_shale,ecostress_ssh_czo_shale,303,POINT(-77.904076 40.66573),Area Mapping Mode
ecostress_us_arm,ecostress_us_arm,333,POINT(-97.4888 36.6058),Area Mapping Mode
ecostress_us_bar,ecostress_us_bar,260,POINT(-71.28808000000001 44.0646),Area Mapping Mode
ecostress_us_bi1,ecostress_us_bi1,286,POINT(-121.5042 38.1022),Area Mapping Mode
ecostress_us_bsg,ecostress_us_bsg,272,POINT(-119.6909 43.4712),Area Mapping Mode
ecostress_us_ced,ecostress_us_ced,305,POINT(-74.3791 39.8379),Area Mapping Mode
ecostress_us_cf1,ecostress_us_cf1,285,POINT(-117.0821 46.7815),Area Mapping Mode
ecostress_us_cs1,ecostress_us_cs1,263,POINT(-89.53785500000001 44.103051),Area Mapping Mode
ecostress_us_cz1,ecostress_us_cz1,317,POINT(-119.731 37.109),Area Mapping Mode
ecostress_us_cz2,ecostress_us_cz2,318,POINT(-119.256 37.031),Area Mapping Mode
ecostress_us_hn1,ecostress_us_hn1,308,POINT(-119.275 46.408889),Area Mapping Mode
ecostress_us_hn2,ecostress_us_hn2,309,POINT(-119.464111 46.688861),Area Mapping Mode
ecostress_us_kfs,ecostress_us_kfs,320,POINT(-95.1907 39.0561),Area Mapping Mode
ecostress_us_kon,ecostress_us_kon,321,POINT(-96.5603 39.0824),Area Mapping Mode
ecostress_us_los,ecostress_us_los,261,POINT(-89.9792 46.0827),Area Mapping Mode
ecostress_us_me2,ecostress_us_me2,268,POINT(-121.557 44.4523),Area Mapping Mode
ecostress_us_men,ecostress_us_men,264,POINT(-89.402984 43.07725),Area Mapping Mode
ecostress_us_mms,ecostress_us_mms,306,POINT(-86.4131 39.3232),Area Mapping Mode
ecostress_us_mrf,ecostress_us_mrf,271,POINT(-123.551 44.6465),Area Mapping Mode
ecostress_us_ro4,ecostress_us_ro4,336,POINT(-93.0723 44.6781),Area Mapping Mode
ecostress_us_rr,ecostress_us_rr,291,POINT(-121.863457 38.557845),Area Mapping Mode
ecostress_us_scc,ecostress_us_scc,316,POINT(-116.45 33.61),Area Mapping Mode
ecostress_us_scs,ecostress_us_scs,315,POINT(-117.696 33.734),Area Mapping Mode
ecostress_us_ses,ecostress_us_ses,310,POINT(-106.7442 34.3349),Area Mapping Mode
ecostress_us_slt,ecostress_us_slt,304,POINT(-74.596 39.9138),Area Mapping Mode
ecostress_us_sp,ecostress_us_sp,326,POINT(-119.924671 36.234696),Area Mapping Mode
ecostress_us_syv,ecostress_us_syv,262,POINT(-89.3477 46.242),Area Mapping Mode
ecostress_us_tx2,ecostress_us_tx2,273,POINT(-96.8827 31.4802),Area Mapping Mode
ecostress_us_tx5,ecostress_us_tx5,274,POINT(-96.4252 30.5328),Area Mapping Mode
ecostress_us_tx6,ecostress_us_tx6,275,POINT(-98.2089 27.6666),Area Mapping Mode
ecostress_us_tx9,ecostress_us_tx9,276,POINT(-95.614367 28.780508),Area Mapping Mode
ecostress_us_var,ecostress_us_var,335,POINT(-120.9507 38.4133),Area Mapping Mode
ecostress_us_vcm,ecostress_us_vcm,311,POINT(-106.5321 35.8884),Area Mapping Mode
ecostress_us_wjs,ecostress_us_wjs,312,POINT(-105.8615 34.4255),Area Mapping Mode
ecostress_us_wkg,ecostress_us_wkg,332,POINT(-109.9419 31.7365),Area Mapping Mode
ecostress_us_wpp,ecostress_us_wpp,269,POINT(-123.182 44.1368),Area Mapping Mode
ecostress_us_wwt,ecostress_us_wwt,270,POINT(-122.666 45.1089),Area Mapping Mode
fossil0001,fossil_Seoul_South_Korea,40,POINT(126.97783 37.56826000000007),Area Mapping Mode
fossil0002,fossil_Guangzhou_China,42,POINT(113.2500000000001 23.11667000000006),Area Mapping Mode
fossil0003,fossil_New_York_USA,43,POINT(-74.00713999999994 40.71455000000003),Area Mapping Mode
fossil0004,fossil_Hong_Kong_China,46,POINT(114.133713499 22.36472318200003),Area Mapping Mode
fossil0005,fossil_Los_Angeles_USA,47,POINT(-118.24532 34.05349000000007),Area Mapping Mode
fossil0006,fossil_Shanghai_China,49,POINT(121.45806 31.22222000000005),Area Mapping Mode
fossil0007,fossil_Singapore_Singapore,52,POINT(103.7571100000001 1.464780000000076),Area Mapping Mode
fossil0008,fossil_Chicago_USA,53,POINT(-87.63244999999995 41.88425000000007),Area Mapping Mode
fossil0009,fossil_Tokyo_Japan,55,POINT(139.6917160900001 35.68945633100003),Area Mapping Mode
fossil0010,fossil_Riyadh_Saudi_Arabia,57,POINT(46.68719000000004 24.68218000000007),Area Mapping Mode
fossil0011,fossil_Dubai_UAE,59,POINT(55.30884000000003 25.26951000000003),Area Mapping Mode
fossil0012,fossil_Wuxi_China,63,POINT(120.28857 31.56887000000006),Area Mapping Mode
fossil0013,fossil_Johannesburg_South_Africa,65,POINT(28.04006000000004 -26.20490999999993),Area Mapping Mode
fossil0014,fossil_Tehran_Iran,67,POINT(51.42151000000007 35.69439000000006),Area Mapping Mode
fossil0015,fossil_London_UK,68,POINT(-0.1272099999999341 51.50642000000005),Area Mapping Mode
fossil0016,fossil_Benha_Egypt,69,POINT(31.17858000000007 30.45906000000008),Area Mapping Mode
fossil0017,fossil_Beijing_China,71,POINT(116.39723 39.90750000000003),Area Mapping Mode
fossil0018,fossil_Jakarta_Indonesia,73,POINT(106.8264800000001 -6.171479999999974),Area Mapping Mode
fossil0019,fossil_Al-Ahmadi_Kuwait,74,POINT(48.07602000000003 29.09426000000008),Area Mapping Mode
fossil0020,fossil_Miami_USA,76,POINT(-80.19772999999998 25.77481000000006),Area Mapping Mode
fossil0021,fossil_Samut_Prakan_Thailand,77,POINT(100.5968872263649 13.59946800439462),Area Mapping Mode
fossil0022,fossil_Paris_France,79,POINT(2.341400000000021 48.85717000000005),Area Mapping Mode
fossil0023,fossil_Dallas_USA,81,POINT(-96.79539999999997 32.77815000000004),Area Mapping Mode
fossil0024,fossil_Tianjin_China,83,POINT(117.1766700000001 39.14222000000007),Area Mapping Mode
fossil0025,fossil_Istanbul_Turkey,86,POINT(28.94966000000005 41.01384000000007),Area Mapping Mode
fossil0026,fossil_Detroit_USA,87,POINT(-83.04799999999994 42.33168000000006),Area Mapping Mode
fossil0027,fossil_Philadelphia_USA,88,POINT(-75.16217999999998 39.95222000000007),Area Mapping Mode
fossil0028,fossil_San_Jose_USA,89,POINT(-121.88542 37.33865000000003),Area Mapping Mode
fossil0029,fossil_New_Delhi_India,90,POINT(77.21728000000007 28.63095000000004),Area Mapping Mode
fossil0030,fossil_Cologne_Germany,91,POINT(6.955160000000035 50.94167000000004),Area Mapping Mode
fossil0031,fossil_Houston_USA,92,POINT(-95.36967999999996 29.76058000000006),Area Mapping Mode
fossil0032,fossil_Jeddah_Saudi_Arabia,93,POINT(39.18279000000007 21.48172000000005),Area Mapping Mode
fossil0033,fossil_Washington_DC_USA,94,POINT(-77.03195999999997 38.89037000000008),Area Mapping Mode
fossil0034,fossil_Osaka_Japan,95,POINT(135.5021619520001 34.69372590900008),Area Mapping Mode
fossil0035,fossil_Buenos_Aires_Argentina,96,POINT(-58.37343999999996 -34.60848999999996),Area Mapping Mode
fossil0036,fossil_Mexico_City_Mexico,97,POINT(-99.13314999999994 19.43194000000005),Area Mapping Mode
fossil0037,fossil_Shah_Alam_Malaysia,98,POINT(101.4942800000001 3.091980000000035),Area Mapping Mode
fossil0038,fossil_Taipei_Taiwan,99,POINT(121.5635500000001 25.03737000000007),Area Mapping Mode
fossil0039,fossil_Phoenix_USA,100,POINT(-112.0758 33.44825000000003),Area Mapping Mode
fossil0040,fossil_Wuhan_China,101,POINT(114.3247200000001 30.64353000000006),Area Mapping Mode
fossil0041,fossil_Hangzhou_China,102,POINT(120.16142 30.29365000000007),Area Mapping Mode
fossil0042,fossil_Toronto_Canada,103,POINT(-79.38543999999996 43.64869000000004),Area Mapping Mode
fossil0043,fossil_Nanjing_China,104,POINT(118.77778 32.06167000000005),Area Mapping Mode
fossil0044,fossil_Shenyang_China,105,POINT(123.4327800000001 41.79222000000004),Area Mapping Mode
fossil0045,fossil_Melbourne_Australia,106,POINT(144.9671500000001 -37.81748999999996),Area Mapping Mode
fossil0046,fossil_Shantou_China,107,POINT(116.7147900000001 23.36814000000004),Area Mapping Mode
fossil0047,fossil_Madrid_Spain,108,POINT(-3.705769999999973 40.42028000000005),Area Mapping Mode
fossil0048,fossil_Kolkata_India,109,POINT(88.37124000000006 22.57054000000005),Area Mapping Mode
fossil0049,fossil_Pusan_South_Korea,110,POINT(129.0402800000001 35.31),Area Mapping Mode
fossil0050,fossil_Sydney_Australia,111,POINT(151.2069100000001 -33.86959999999993),Area Mapping Mode
fossil0051,fossil_Xian_China,112,POINT(108.92512 34.27050000000003),Area Mapping Mode
fossil0052,fossil_Chengdu_China,113,POINT(104.0758000000001 30.67190000000005),Area Mapping Mode
fossil0053,fossil_Huhot_China,114,POINT(118.54583 25.76444000000004),Area Mapping Mode
fossil0054,fossil_Boston_USA,115,POINT(-71.05673999999993 42.35866000000004),Area Mapping Mode
fossil0055,fossil_Baotou_China,116,POINT(109.8222200000001 40.65222000000006),Area Mapping Mode
fossil0056,fossil_Taiyuan_China,117,POINT(112.54952 37.88141000000007),Area Mapping Mode
fossil0057,fossil_Denver_USA,118,POINT(-104.99202 39.74001000000004),Area Mapping Mode
fossil0058,fossil_Athens_Greece,119,POINT(23.73640000000006 37.97614000000004),Area Mapping Mode
fossil0059,fossil_Atlanta_USA,120,POINT(-84.39110999999997 33.74831000000006),Area Mapping Mode
fossil0060,fossil_Seattle_USA,121,POINT(-122.32945 47.60357000000005),Area Mapping Mode
fossil0061,fossil_Yinchuan_China,122,POINT(106.2652100000001 38.46662000000003),Area Mapping Mode
fossil0062,fossil_Sao_Paulo_Brazil,123,POINT(-46.65467999999998 -23.56286999999998),Area Mapping Mode
fossil0063,fossil_Berlin_Germany,124,POINT(13.37691000000007 52.51604000000003),Area Mapping Mode
fossil0064,fossil_Minneapolis_USA,125,POINT(-93.26493999999997 44.97902000000005),Area Mapping Mode
fossil0065,fossil_Zhengzhou_China,126,POINT(113.6486100000001 34.75778000000003),Area Mapping Mode
fossil0066,fossil_Chongqing_China,127,POINT(106.55278 29.56278000000003),Area Mapping Mode
fossil0067,fossil_Doha_Qatar,128,POINT(51.51907000000006 25.29502000000008),Area Mapping Mode
fossil0068,fossil_Mumbai_India,129,POINT(72.83486000000005 18.94017000000002),Area Mapping Mode
fossil0069,fossil_Ad_Damman_Saudi_Arabia,130,POINT(50.06027000000006 26.44041000000004),Area Mapping Mode
fossil0070,fossil_Wenzhou_China,131,POINT(120.66682 27.99942000000004),Area Mapping Mode
fossil0071,fossil_Quanzhou_China,132,POINT(118.5805200000001 24.91197000000005),Area Mapping Mode
fossil0072,fossil_Brisbane_Australia,133,POINT(153.0233400000001 -27.46843999999993),Area Mapping Mode
fossil0073,fossil_Dalian_China,134,POINT(121.6022200000001 38.91222000000005),Area Mapping Mode
fossil0074,fossil_Tel_Aviv-Yafo_Israel,135,POINT(34.78953000000007 32.08556000000004),Area Mapping Mode
fossil0075,fossil_Milan_Italy,136,POINT(9.18178000000006 45.46796000000006),Area Mapping Mode
fossil0076,fossil_Abu_Dhabi_UAE,137,POINT(54.37173000000007 24.46918000000005),Area Mapping Mode
fossil0077,fossil_Ankara_Turkey,138,POINT(32.85391000000004 39.92109000000005),Area Mapping Mode
fossil0078,fossil_Qingdao_China,139,POINT(120.3719400000001 36.09861000000006),Area Mapping Mode
fossil0079,fossil_Nagoya_Japan,140,POINT(136.906683388 35.18142047000003),Area Mapping Mode
fossil0080,fossil_Montreal_Canada,141,POINT(-73.55468999999994 45.51240000000007),Area Mapping Mode
fossil0081,fossil_St_Louis_USA,142,POINT(-90.19955999999996 38.62775000000005),Area Mapping Mode
fossil0082,fossil_San_Diego_USA,143,POINT(-117.16171 32.71568000000008),Area Mapping Mode
fossil0083,fossil_Jinan_China,144,POINT(116.9972200000001 36.66833000000003),Area Mapping Mode
fossil0084,fossil_Santiago_Chile,145,POINT(-70.65001999999998 -33.43721999999997),Area Mapping Mode
fossil0085,fossil_Rotterdam_Netherlands,146,POINT(4.478480000000047 51.92282000000006),Area Mapping Mode
fossil0086,fossil_Cape_Town_South_Africa,147,POINT(18.42198000000008 -33.91908999999998),Area Mapping Mode
fossil0087,fossil_Hyderabad_India,148,POINT(78.47076000000004 17.39487000000003),Area Mapping Mode
fossil0088,fossil_Ho_Chi_Minh_City_Vietnam,149,POINT(106.70322 10.77822000000003),Area Mapping Mode
fossil0089,fossil_Barcelona_Spain,150,POINT(2.170010000000048 41.38804000000005),Area Mapping Mode
fossil0090,fossil_Baltimore_USA,151,POINT(-76.60925999999995 39.29058000000003),Area Mapping Mode
fossil0091,fossil_Changchun_China,152,POINT(125.3036800000001 43.88415000000003),Area Mapping Mode
fossil0092,fossil_Almaty_Kazakhstan,153,POINT(76.88814000000008 43.25066000000004),Area Mapping Mode
fossil0093,fossil_Birmingham_UK,154,POINT(-1.905919999999981 52.47891000000004),Area Mapping Mode
fossil0094,fossil_Hefei_China,155,POINT(117.28083 31.86389000000003),Area Mapping Mode
fossil0095,fossil_Shijiazhuang_China,156,POINT(114.4786100000001 38.04139000000004),Area Mapping Mode
fossil0096,fossil_Harbin_China,157,POINT(126.6395100000001 45.75553000000008),Area Mapping Mode
fossil0097,fossil_Cleveland_USA,158,POINT(-81.69073999999995 41.50473000000005),Area Mapping Mode
fossil0098,fossil_Fremantle_Australia,159,POINT(115.75351 -32.04731999999996),Area Mapping Mode
fossil0099,fossil_Durban_South_Africa,160,POINT(31.02590000000004 -29.84704999999997),Area Mapping Mode
fossil0100,fossil_Las_Vegas_USA,161,POINT(-115.14001 36.17193000000003),Area Mapping Mode
fossil0101,fossil_Lima_Peru,162,POINT(-77.02823999999998 -12.04317999999995),Area Mapping Mode
fossil0102,fossil_Mashhad_Iran,163,POINT(59.56796000000003 36.31559000000004),Area Mapping Mode
fossil0103,fossil_Kansas_City_USA,164,POINT(-94.58310999999998 39.10344000000003),Area Mapping Mode
fossil0104,fossil_Guiyang_China,165,POINT(106.69473 26.57242000000008),Area Mapping Mode
fossil0105,fossil_Chennai_India,166,POINT(80.28252000000003 13.08362000000005),Area Mapping Mode
fossil0106,fossil_Caracas_Venezuela,167,POINT(-66.87918999999994 10.48801000000003),Area Mapping Mode
fossil0107,fossil_Bangalore_India,168,POINT(77.58742000000007 12.96685000000002),Area Mapping Mode
fossil0108,fossil_Orlando_USA,169,POINT(-81.37738999999993 28.53823000000006),Area Mapping Mode
fossil0109,fossil_Baghdad_Iraq,170,POINT(44.39309000000003 33.34213000000005),Area Mapping Mode
fossil0110,fossil_Sacramento_USA,171,POINT(-121.49085 38.57944000000003),Area Mapping Mode
fossil0111,fossil_Bogota_Colombia,172,POINT(-74.06940999999995 4.614960000000053),Area Mapping Mode
fossil0112,fossil_Taegu_South_Korea,173,POINT(128.5911100000001 35.87028000000004),Area Mapping Mode
fossil0113,fossil_Urumqi_China,174,POINT(87.58627000000007 43.78787000000005),Area Mapping Mode
fossil0114,fossil_Vienna_Austria,175,POINT(16.36842000000007 48.20263000000006),Area Mapping Mode
fossil0115,fossil_Manila_Philippines,176,POINT(120.98454 14.58864000000005),Area Mapping Mode
fossil0116,fossil_Columbus_USA,177,POINT(-83.00274999999993 39.96199000000007),Area Mapping Mode
fossil0117,fossil_Esfahan_Iran,178,POINT(51.67761000000007 32.65722000000005),Area Mapping Mode
fossil0118,fossil_Portland_USA,179,POINT(-122.67563 45.51179000000008),Area Mapping Mode
fossil0119,fossil_Indianapolis_USA,180,POINT(-86.14995999999996 39.76691000000005),Area Mapping Mode
fossil0120,fossil_Zibo_China,181,POINT(118.0633300000001 36.79056000000003),Area Mapping Mode
fossil0121,fossil_San_Antonio_USA,182,POINT(-98.49460999999997 29.42458000000005),Area Mapping Mode
fossil0122,fossil_Taejon_South_Korea,183,POINT(127.1897200000001 36.08139000000006),Area Mapping Mode
fossil0123,fossil_Chifeng_China,184,POINT(118.9549300000001 42.27207000000004),Area Mapping Mode
fossil0124,fossil_Hamburg_Germany,185,POINT(9.99183000000005 53.55375000000004),Area Mapping Mode
fossil0125,fossil_Pune_India,186,POINT(73.85302000000007 18.50422000000003),Area Mapping Mode
fossil0126,fossil_Al_Ain_UAE,187,POINT(55.68635000000006 24.20739000000003),Area Mapping Mode
fossil0127,fossil_Mecca_Saudi_Arabia,188,POINT(39.82222000000007 21.42111000000006),Area Mapping Mode
fossil0128,fossil_Vancouver_Canada,189,POINT(-123.1133599999999 49.26038000000005),Area Mapping Mode
fossil0129,fossil_Datong_Shanxi_China,190,POINT(113.2913900000001 40.09361000000007),Area Mapping Mode
fossil0130,fossil_Xiamen_China,191,POINT(118.12774 24.54404000000005),Area Mapping Mode
fossil0131,fossil_Ningbo_China,192,POINT(121.53916 29.86569000000003),Area Mapping Mode
fossil0132,fossil_Taichung_Taiwan,193,POINT(120.6482100000001 24.16324000000003),Area Mapping Mode
fossil0133,fossil_Rio_de_Janeiro_Brazil,194,POINT(-43.17500999999993 -22.91215999999997),Area Mapping Mode
fossil0134,fossil_St_Petersburg_USA,195,POINT(-82.63875999999993 27.77119000000005),Area Mapping Mode
fossil0135,fossil_Monterrey_Mexico,196,POINT(-100.30999 25.67093000000006),Area Mapping Mode
fossil0136,fossil_Hanoi_Vietnam,197,POINT(105.8546400000001 21.02888000000007),Area Mapping Mode
fossil0137,fossil_Rome_Italy,198,POINT(12.49565000000007 41.90322000000003),Area Mapping Mode
fossil0138,fossil_New_Orleans_USA,199,POINT(-90.07774999999998 29.95370000000003),Area Mapping Mode
fossil0139,fossil_Al_Hofuf_Saudi_Arabia,200,POINT(49.58751000000007 25.36824000000007),Area Mapping Mode
fossil0140,fossil_Chios_Turkey,201,POINT(29.04675000000003 40.19208000000003),Area Mapping Mode
fossil0141,fossil_Naples_Italy,202,POINT(14.25226000000004 40.84014000000008),Area Mapping Mode
fossil0142,fossil_Guadalajara_Mexico,203,POINT(-103.35104 20.68758000000003),Area Mapping Mode
fossil0143,fossil_Kaoshsiung_Taiwan,204,POINT(120.31226 22.62014000000005),Area Mapping Mode
fossil0144,fossil_Dhaka_Bangladesh,205,POINT(90.39957000000004 23.71323000000007),Area Mapping Mode
fossil0145,fossil_Calgary_Canada,206,POINT(-114.06301 51.04532000000006),Area Mapping Mode
fossil0146,fossil_Pittsburgh_USA,207,POINT(-79.99733999999995 40.43851000000006),Area Mapping Mode
fossil0147,fossil_Austin_USA,208,POINT(-97.74298999999996 30.26759000000004),Area Mapping Mode
fossil0148,fossil_Amman_Jordan,209,POINT(35.94042000000007 31.95180000000005),Area Mapping Mode
fossil0149,fossil_Salt_Lake_City_USA,210,POINT(-111.88822 40.76031000000006),Area Mapping Mode
fossil0150,fossil_Medina_Saudi_Arabia,211,POINT(39.60641000000004 24.46728000000007),Area Mapping Mode
fossil0151,fossil_Adelaide_Australia,212,POINT(138.5998000000001 -34.92584999999997),Area Mapping Mode
fossil0152,fossil_Warsaw_Poland,213,POINT(21.01037000000002 52.23560000000003),Area Mapping Mode
fossil0153,fossil_Omsk_Russia,214,POINT(73.36476000000005 54.99471000000005),Area Mapping Mode
fossil0154,fossil_Astana_Kazakhstan,215,POINT(71.42830000000004 51.12771000000004),Area Mapping Mode
fossil0155,fossil_Maebashi_Japan,216,POINT(139.0634184300001 36.38949739100008),Area Mapping Mode
fossil0156,fossil_Tabriz_Iran,217,POINT(46.29190000000006 38.08000000000004),Area Mapping Mode
fossil0157,fossil_Ahmadabad_India,218,POINT(72.60025000000007 23.02777000000003),Area Mapping Mode
fossil0158,fossil_Sohag_Egypt,219,POINT(31.69545000000005 26.55513000000008),Area Mapping Mode
fossil0159,fossil_Munich_Germany,220,POINT(11.57754000000006 48.13641000000007),Area Mapping Mode
fossil0160,fossil_Ahvaz_Iran,221,POINT(48.66930000000008 31.32030000000003),Area Mapping Mode
fossil0161,fossil_Baabda_Lebanon,222,POINT(35.96785000000006 34.51451000000003),Area Mapping Mode
fossil0162,fossil_Rostov-on-Don_Russia,223,POINT(39.71676000000008 47.22691000000003),Area Mapping Mode
fossil0163,fossil_Prague_Czech_Republic,224,POINT(14.43302000000006 50.07913000000008),Area Mapping Mode
fossil0164,fossil_San_Cristobal_Dominican_Republic,225,POINT(-70.09999999999997 18.41667000000007),Area Mapping Mode
fossil0165,fossil_Amsterdam_Netherlands,226,POINT(4.907880000000034 52.36993000000007),Area Mapping Mode
fossil0166,fossil_Bucharest_Romania,227,POINT(26.10298000000006 44.43429000000003),Area Mapping Mode
fossil0167,fossil_Maracaibo_Venezuela,228,POINT(-71.59756999999996 10.68769000000003),Area Mapping Mode
fossil0168,fossil_Lahore_Pakistan,229,POINT(74.34361000000007 31.54972000000004),Area Mapping Mode
fossil0169,fossil_Budapest_Hungary,230,POINT(19.05508000000003 47.49972000000008),Area Mapping Mode
fossil0170,fossil_Ashgabat_Turkmenistan,231,POINT(58.38333000000006 37.95000000000005),Area Mapping Mode
fossil0171,fossil_Brussels_Belgium,232,POINT(4.356090000000052 50.84439000000003),Area Mapping Mode
fossil0172,fossil_Katowice_Poland,233,POINT(19.03105000000005 50.25641000000007),Area Mapping Mode
fossil0173,fossil_Kuybyskev_Russia,234,POINT(50.15000000000003 53.20006000000006),Area Mapping Mode
fossil0174,fossil_Karachi_Pakistan,235,POINT(67.08220000000006 24.90560000000005),Area Mapping Mode
fossil0175,fossil_Lagos_Nigeria,236,POINT(3.388760000000048 6.454710000000034),Area Mapping Mode
fossil0176,fossil_Luanda_Angola,237,POINT(13.23288000000002 -8.81565999999998),Area Mapping Mode
fossil0177,fossil_Peshawar_Pakistan,238,POINT(71.57849000000004 34.00800000000004),Area Mapping Mode
fossil0178,fossil_Khartoum_Sudan,239,POINT(32.5599 15.5007),Area Mapping Mode
fossil0179,fossil_Nairobi_Kenya,240,POINT(36.8219 -1.2921),Area Mapping Mode
fossil0180,fossil_Miller_Power_Plant_USA,241,POINT(-87.12 33.64),Area Mapping Mode
fossil0181,fossil_Tutuka_and_Majuba_Powerplant,242,POINT(29.56 -26.95),Area Mapping Mode
fossil0182,fossil_Janschwalde_Germany,243,POINT(14.5 51.62),Area Mapping Mode
fossil0183,fossil_Colstrip_powerplant,1,POINT(-106.611 45.8816),Area Mapping Mode
fossil0184,fossil_Monroe_powerplant,184,POINT(-83.342 41.895),Area Mapping Mode
fossil0185,fossil_Comanche_powerplant,185,POINT(-104.579787 38.2),Area Mapping Mode
fossil0186,fossil_Sammis_Cardinal_Mansfield_powerplants,186,POINT(-80.56 40.415),Area Mapping Mode
fossil0187,fossil_Keystone_Homer_City_Conemaugh_Powerplants,187,POINT(-79.194 40.513),Area Mapping Mode
fossil0188,fossil_Bowen_powerplant,188,POINT(-84.922 34.124),Area Mapping Mode
fossil0189,fossil_Scherer_powerplant,189,POINT(-83.81 33.061),Area Mapping Mode
fossil0190,fossil_Boundary_Dam_powerplant,190,POINT(-103.0305 49.09606),Area Mapping Mode
fossil0191,fossil_Sheerness_powerplant,191,POINT(-111.7861 51.5317),Area Mapping Mode
fossil0192,fossil_Dofasco_powerplant,192,POINT(-79.8111 43.2597),Area Mapping Mode
fossil0193,fossil_Belchatow_powerplant,193,POINT(19.331 51.268),Area Mapping Mode
fossil0194,fossil_Dangjin_Yonghungdo_Taean_powerplants,194,POINT(126.511 37.057),Area Mapping Mode
fossil0195,fossil_Shaiba_powerplant,195,POINT(39.5551 20.66267),Area Mapping Mode
fossil0196,fossil_AlQurayyah_powerplant,196,POINT(50.126 25.844),Area Mapping Mode
fossil0197,fossil_Arnot_Duvha_Hendrina_powerplants,197,POINT(29.611 -26.0331),Area Mapping Mode
fossil0198,fossil_Duvha_Kendal_Kriel_Matla_powerplants,198,POINT(29.175447 -25.878083),Area Mapping Mode
fossil0199,fossil_Vindhyachal_Sasan_Singrauli_Rihand_powerplants,199,POINT(82.67361 24.09722),Area Mapping Mode
fossil0200,fossil_Pingwei_Tianji_Bengbu_Fengtai_Luohe_powerplants,200,POINT(116.9005 32.68613),Area Mapping Mode
fossil0201,fossil_Hazelwood_Yallourn_Loy_Yang_powerplants,201,POINT(146.395 -38.2636),Area Mapping Mode
fossil0202,fossil_Stanwell_powerplant,202,POINT(150.3185 -23.5106),Area Mapping Mode
sif_atto,sif_ATTO_Tower_Manaus_Brazil,257,POINT(-59.0056 2.1459),Area Mapping Mode
sif_hrv,sif_Harvard_Forest_USA,248,POINT(-72.1715 42.5378),Area Mapping Mode
sif_jro,sif_Jurong_Korea,255,POINT(119.2173 31.8068),Area Mapping Mode
sif_laselva,sif_La_Selva_Costa_Rica,247,POINT(-84.0211 10.4333),Area Mapping Mode
sif_mead,sif_Mead_Cluster_USA,252,POINT(-96.455 41.1649),Area Mapping Mode
sif_mpj,sif_Pinyon_Juniper_USA,250,POINT(-106.2377 35.4385),Area Mapping Mode
sif_mzo,sif_Ozark_USA,254,POINT(-92.2 38.7441),Area Mapping Mode
sif_niwot,sif_Niwot_Ridge_Colorado_USA,244,POINT(-105.5464 40.0329),Area Mapping Mode
sif_obs,sif_obs,246,POINT(105.1178 53.9872),Area Mapping Mode
sif_oko,sif_KAEFS_USA,253,POINT(-97.5223 34.9846),Area Mapping Mode
sif_santarita,sif_Santa_Rita_Cluster_USA,251,POINT(-110.84 31.8214),Area Mapping Mode
sif_shq,sif_shq,256,POINT(115.5894 34.5203),Area Mapping Mode
sif_umb,sif_University_of_Michigan_USA,245,POINT(-84.7138 45.5598),Area Mapping Mode
sif_uva,sif_University_of_Virginia_USA,249,POINT(-78.2739 37.9229),Area Mapping Mode
tccon100,val_anmyeondoKo,18,POINT(126.37289 36.62410999999999),Target Mode
tccon101,val_ascensionIsland,17,POINT(-14.3873 -7.9473),Target Mode
tccon102,val_drydenCA,16,POINT(-117.882 34.958),Target Mode
tccon104,val_bremenDe,15,POINT(8.84951 53.1037),Target Mode
tccon105,val_burgosPh,14,POINT(120.6494991 18.53249979),Target Mode
tccon106,val_caltechCA,13,POINT(-118.0729 34.1231),Target Mode
tccon107,val_darwinAu,12,POINT(130.9167 -12.375),Target Mode
tccon112,val_izanaTenerifeEs,11,POINT(-16.518 28.29701),Target Mode
tccon113,val_karlsruheDe,10,POINT(8.43801 49.1),Target Mode
tccon114,val_lamontOK,9,POINT(-97.4855 36.6039),Target Mode
tccon115,val_lauderNz,8,POINT(169.6853 -45.0022),Target Mode
tccon122,val_orleansFr,7,POINT(2.1125 47.965),Target Mode
tccon123,val_parisFr,21,POINT(2.356 48.846),Target Mode
tccon124,val_parkFallsWI,6,POINT(-90.2725 45.9448),Target Mode
tccon127,val_reunionIsland,5,POINT(55.485 -20.901),Target Mode
tccon128,val_rikubetsuJp,4,POINT(143.6997 43.45180999999999),Target Mode
tccon130,val_sagaJp,3,POINT(130.2882 33.2411),Target Mode
tccon134,val_tsukubaJp,2,POINT(140.1215 36.0513),Target Mode
tccon135,val_wollongongAu,19,POINT(150.8545 -34.4506),Target Mode
tccon136,val_cyprus,20,POINT(33.06 35.04),Target Mode
texmex001,campaign_texmex_corpus_christi,60,POINT(-97.405904 27.809016),Area Mapping Mode
texmex002,campaign_texmex_freeport,44,POINT(-95.409948 29.004259),Area Mapping Mode
texmex003,campaign_texmex_port_arthur,45,POINT(-93.988229 29.953892),Area Mapping Mode
texmex004,campaign_texmex_lake_charles,50,POINT(-93.316006 30.125402),Area Mapping Mode
texmex005,campaign_texmex_harrington_station,64,POINT(-101.739486 35.298973),Area Mapping Mode
texmex006,campaign_texmex_fayette_station,66,POINT(-96.752407 29.908693),Area Mapping Mode
texmex007,campaign_texmex_WA_parish_station,48,POINT(-95.683079 29.492793),Area Mapping Mode
texmex008,campaign_texmex_limestone_big_brown_stations,41,POINT(-96.144985 31.594193),Area Mapping Mode
texmex009,campaign_texmex_martin_lake_pirkey_stations,70,POINT(-94.532219 32.34324),Area Mapping Mode
texmex010,campaign_texmex_baton_rouge,72,POINT(-91.172076 30.43348),Area Mapping Mode
texmex012,campaign_texmex_fort_worth,75,POINT(-97.410847 32.740462),Area Mapping Mode
texmex013,campaign_texmex_amarillo_south01,78,POINT(-102.909702 34.502617),Area Mapping Mode
texmex014,campaign_texmex_amarillo_south02,80,POINT(-102.435868 34.673764),Area Mapping Mode
texmex015,campaign_texmex_amarillo_north01,82,POINT(-102.595969 36.112778),Area Mapping Mode
texmex016,campaign_texmex_amarillo_north02,84,POINT(-102.131864 36.10232),Area Mapping Mode
texmex017,campaign_texmex_permian01b,62,POINT(-104.277874 32.72488),Area Mapping Mode
texmex018,campaign_texmex_permian01c,85,POINT(-103.851187 32.160132),Area Mapping Mode
texmex019,campaign_texmex_permian01d,51,POINT(-103.36037 31.564529),Area Mapping Mode
texmex020,campaign_texmex_permian01e,54,POINT(-103.149268 31.218347),Area Mapping Mode
texmex021,campaign_texmex_permian02b,56,POINT(-102.197474 33.001347),Area Mapping Mode
texmex022,campaign_texmex_permian02c,58,POINT(-102.010295 32.314015),Area Mapping Mode
texmex023,campaign_texmex_permian02d,61,POINT(-101.799985 31.605376),Area Mapping Mode
volcano0001,v257040_Ambrym,338,POINT(168.12 -16.25),Area Mapping Mode
volcano0002,v341090_Popocatepetl,339,POINT(-98.62200000000001 19.023),Area Mapping Mode
volcano0003,v211060_Etna,340,POINT(15 37.73),Area Mapping Mode
volcano0004,v263250_Merapi,342,POINT(110.44 -7.56),Area Mapping Mode
volcano0005,v332010_Kilauea_Hawaii,341,POINT(-155.29 19.42),Area Mapping Mode
volcano0006,v211040_Stromboli,343,POINT(15.214823 38.78782),Area Mapping Mode
volcano0007,v257030_Aoba_Ambae,344,POINT(167.83 -15.4),Area Mapping Mode
volcano0008,v357120_Villarrica,345,POINT(-71.93 -39.42),Area Mapping Mode
volcano0009,v332020_Mauna_Loa_Hawaii,346,POINT(-155.61 19.48),Area Mapping Mode
volcano0010,v252120_Ulawun,347,POINT(151.33 -5.05),Area Mapping Mode
volcano0011,v273030_Mayon,348,POINT(13.26 13.26),Area Mapping Mode
volcano0012,v345070_Turrialba,349,POINT(-83.76700000000001 10.025),Area Mapping Mode
volcano0013,v233020_Piton_de_la_Fournaise_Reunion,356,POINT(55.713 -21.231),Area Mapping Mode
volcano0014,v282110_Aso,355,POINT(131.11 32.88),Area Mapping Mode
volcano0015,v342090_Fuego,354,POINT(-90.88 14.47),Area Mapping Mode
volcano0016,v252140_Rabaul_Tarvurvur,357,POINT(152.203 -4.271),Area Mapping Mode
volcano0017,v354006_Sabancaya,353,POINT(-71.85967790000001 -15.79516732),Area Mapping Mode
volcano0018,v282080_Sakurajima,352,POINT(130.657 31.585),Area Mapping Mode
volcano0019,v273070_Taal,351,POINT(120.994 14.008),Area Mapping Mode
volcano0020,v223030_Nyiragongo,350,POINT(29.25 -1.52),Area Mapping Mode
volcano0021,v262000_Krakatau_Anak_Krakatau,358,POINT(105.42 -6.1),Area Mapping Mode
volcano0022,v323150_Mammoth_Mountain_LVC,359,POINT(-119.032 37.631),Area Mapping Mode
volcano0023,v241040_White_Island,360,POINT(177.1806283 -37.52019052),Area Mapping Mode
volcano0024,v257100_Yasur,361,POINT(169.447 -19.532),Area Mapping Mode
volcano0025,v2110010_Campi_Flegrei_and_Pisciarelli,362,POINT(14.139 40.827),Area Mapping Mode
volcano0026,v354020_Ubinas,363,POINT(-70.9 -16.34),Area Mapping Mode
volcano0027,v251020_Manam,364,POINT(145.04 -4.08),Area Mapping Mode
volcano0028,v351020_Nevado_del_Ruiz,368,POINT(-75.322 4.895),Area Mapping Mode
volcano0029,v344100_Masaya,367,POINT(-86.16 11.98),Area Mapping Mode
volcano0030,v263310_Bromo,366,POINT(112.95 -7.94),Area Mapping Mode
volcano0031,v264020_Agung,365,POINT(115.51 -8.34),Area Mapping Mode
volcano0032,v211050_Vulcano,369,POINT(14.962 38.404),Area Mapping Mode
volcano0033,v222120_Oldoinyo_Lengai,370,POINT(35.914 -2.764),Area Mapping Mode
volcano0034,v345040_Poas,371,POINT(-84.23299999999999 10.2),Area Mapping Mode
volcano0035,v241100_Ruapehu,372,POINT(175.57 -39.28),Area Mapping Mode
volcano0036,v325010_Yellowstone,373,POINT(110.7 44.4),Area Mapping Mode
volcano0037,v353010_Fernandina_Galapagos,374,POINT(-91.55 -0.37),Area Mapping Mode
volcano0038,v221080_Erta_Ale,375,POINT(40.67 13.6),Area Mapping Mode
volcano0039,v268010_Dukono,376,POINT(127.88 1.68),Area Mapping Mode
volcano0040,v357090_Copahue,380,POINT(-71.16 -37.86),Area Mapping Mode
volcano0041,v342110_Pacaya,379,POINT(-90.601 14.382),Area Mapping Mode
volcano0042,v332010_East_Rift_Zone_Hawaii,377,POINT(-154.91 19.275),Area Mapping Mode
volcano0043,v283110_Asama,378,POINT(138.53 36.4),Area Mapping Mode
volcano0044,v342030_Santiaguito_Santa_Maria,388,POINT(-91.552 14.757),Area Mapping Mode
volcano0045,v305060_Changbaishan_CN_Baekdusan_Paekdusan_NK,387,POINT(128.08 41.98),Area Mapping Mode
volcano0046,v224010_Mt._Cameroon,386,POINT(9.175 4.211),Area Mapping Mode
volcano0047,v353050_Sierra_Negra,389,POINT(-91.17 -0.83),Area Mapping Mode
volcano0048,v223020_Nyamuragira,384,POINT(29.2 -1.408),Area Mapping Mode
volcano0049,v224030_Oku_Volcanic_Field_Lake_Nyos,383,POINT(10.298 6.437),Area Mapping Mode
volcano0050,v263280_Kelut,382,POINT(112.31 -7.93),Area Mapping Mode
volcano0051,v255020_Bagana,385,POINT(155.23 -6.09),Area Mapping Mode
volcano0052,v344090_Momotombo,381,POINT(-86.539 12.423),Area Mapping Mode
volcano0053,v282030_Suwanosejima_Marianas,395,POINT(129.716 29.635),Area Mapping Mode
volcano0054,v282060_Satsuma-Iwojima_Kikai,391,POINT(130.308 30.789),Area Mapping Mode
volcano0055,v221101_Nabro,392,POINT(41.7 13.37),Area Mapping Mode
volcano0056,v261080_Sinabung,393,POINT(98.391 3.17),Area Mapping Mode
volcano0057,v263300_Semeru,394,POINT(112.922 -8.107999999999999),Area Mapping Mode
volcano0058,v261170_Kerinci,390,POINT(101.26 -1.7),Area Mapping Mode
volcano0059,v266100_Lokon-Empung_Sulawesi,405,POINT(124.79 1.36),Area Mapping Mode
volcano0060,v354010_Misti,404,POINT(-71.40899999999999 -16.294),Area Mapping Mode
volcano0061,v351110_Chiles-Cerro_Negro,403,POINT(-77.964 0.826),Area Mapping Mode
volcano0062,v266030_Soputan,402,POINT(124.734 1.113),Area Mapping Mode
volcano0063,v284040_Miyake-jima_Marianas,401,POINT(139.526 34.094),Area Mapping Mode
volcano0064,v360050_Soufriere_Hills_Montserrat,406,POINT(-62.18 16.72),Area Mapping Mode
volcano0065,v267020_Karangetan,400,POINT(125.41 2.78),Area Mapping Mode
volcano0066,v351050_Nevado_del_Huila,398,POINT(-76.03399999999999 2.917),Area Mapping Mode
volcano0067,v263350_Kawah_Ijen_Ijen,396,POINT(114.24 -8.06),Area Mapping Mode
volcano0068,v311290_Okmok,397,POINT(-168.13 53.43),Area Mapping Mode
volcano0069,v252010_Langila,399,POINT(148.42 -5.53),Area Mapping Mode
volcano0070,v351080_Galeras,408,POINT(-77.39 1.2),Area Mapping Mode
volcano0071,v360101_Morne_Watt_Dominica_Island,409,POINT(-61.31 15.31),Area Mapping Mode
volcano0072,v343020_Santa_Ana,410,POINT(-89.63 13.853),Area Mapping Mode
volcano0073,v264270_Sirung_Pantar,411,POINT(124.1274858 -8.509004591),Area Mapping Mode
volcano0074,v321050_Mount_St._Helens,407,POINT(-122.18 46.2),Area Mapping Mode
volcano0075,v283030_Fuji-san,412,POINT(138.73 35.36),Area Mapping Mode
volcano0076,v355838_Uturuncu,428,POINT(-67.18 -22.27),Area Mapping Mode
volcano0077,v344020_San_Cristobal,427,POINT(-87.00399999999999 12.702),Area Mapping Mode
volcano0078,v355100_Lascar,426,POINT(-67.73 -23.37),Area Mapping Mode
volcano0079,v355120_Lastarria,425,POINT(-68.5 -25.17),Area Mapping Mode
volcano0080,v357061_Laguna_del_Maule,424,POINT(-70.49 -36.06),Area Mapping Mode
volcano0081,v300070_Gorely,423,POINT(158.03 52.56),Area Mapping Mode
volcano0082,v300060_Mutnovsky,422,POINT(158.196 52.449),Area Mapping Mode
volcano0083,v282090_Shinmoedake_Kirishimayama,429,POINT(130.882 31.911),Area Mapping Mode
volcano0084,v283040_Ontake-san_Nagoya,420,POINT(137.48 35.893),Area Mapping Mode
volcano0085,v284010_Izu-Oshima,416,POINT(139.39 34.72),Area Mapping Mode
volcano0086,v271011_Parker,413,POINT(124.892 6.113),Area Mapping Mode
volcano0087,v352010_Reventador,414,POINT(-77.656 -0.077),Area Mapping Mode
volcano0088,v352006_Cayambe,415,POINT(-77.986 0.029),Area Mapping Mode
volcano0089,v284120_Ioto_Iwo-Jima,419,POINT(141.29 24.75),Area Mapping Mode
volcano0090,v351110_Cerro_Negro_de_Mayasquer,417,POINT(-77.936 0.8170000000000001),Area Mapping Mode
volcano0091,v358020_Calbuco,418,POINT(-72.61 -41.33),Area Mapping Mode
volcano0092,v351040_Cerro_Machin,421,POINT(-75.389 4.487),Area Mapping Mode
volcano0093,v358041_Chaiten,430,POINT(-72.646 -42.833),Area Mapping Mode